Reference,Quantity,Value,Footprint,LCSC PN,Manufacturer,Manufacturer_No,SUPPLIER,Alt MPN,Alt Manuf,Flags
C1 C2 ,2,18pF,Capacitor_SMD:C_0603_1608Metric,C107040,Yageo,CC0603JRNPO9BN180,PCBWay,,,
C7 C10 ,2,4.7uF,Capacitor_SMD:C_0603_1608Metric,C90057,Murata,GRM188R61E475KE11D,PCBWay,,,
C3 C5 C8 C9 C11 C12 C13 ,7,1uF,Capacitor_SMD:C_0603_1608Metric,C14664,Yageo,CC0603KRX5R8BB105,PCBWay,,,
C4 C6 ,2,0.1uF,Capacitor_SMD:C_0603_1608Metric,C14663,Yageo,CC0603KRX7R9BB104,PCBWay,,,
D1 D2 D3 D4 D5 D6 D7 D8 D9 D10 D11 D12 D13 D14 D15 D16 D17 D18 D19 D20 D21 D22 D23 D24 D25 D26 D27 D28 D29 D30 D31 D32 D33 D34 D35 D36 D37 D38 D39 D40 D41 D42 D43 D44 D45 D46 D47 D48 D49 D50 D51 D52 D53 D54 D55 D56 D57 D58 D59 D60 D61 D62 D63 D64 D65 D66 D67 D68 D69 D70 D71 D72 D73 D74 D75 D76 D77 D78 D79 D80 D81 D82 ,82,MMDL914T1G,Diode_SMD:D_0603_1608Metric_Pad1.05x0.95mm_HandSolder,C193404,MDD,1N4007WS,PCBWay,MMDL914T1G,On,
D164 ,1,BZT52-B5V6J,Diode_SMD:D_SOD-123,C173406,MDD,BZT52C5V6,PCBWay,BZT52-B5V6J,Nexperia,
D83 ,1,B250-13-F,Diode_SMD:D_SMB_Handsoldering,C719400,UMW,SS26,PCBWay,B250-13-F,Diodes,
D84 D85 D86 D87 D88 D89 D90 D91 D92 D93 D94 D95 D96 D97 D98 D99 D100 D101 D102 D103 D104 D105 D106 D107 D108 D109 D110 D111 D112 D113 D114 D115 D116 D117 D118 D119 D120 D121 D122 D123 D124 D125 D126 D127 D128 D129 D130 D131 D132 D133 D134 D135 D136 D137 D138 D139 D140 D141 D142 D143 D144 D145 D146 D147 D148 D149 D150 D151 D152 D153 D154 D155 D156 D157 D158 D159 D160 D161 D162 D163 ,80,WLED,LED_SMD:LED_0603_1608Metric,C389521,Meihua,MHT192WDT-C2,PCBWay,,,
F1 ,1,0ZCJ0075AF2E,Resistor_SMD:R_1206_3216Metric,C70082,TECHFUSE,nSMD100-16V,PCBWay,0ZCJ0075AF2E,Bel Fuse,
FB1 ,1,BLM18PG221SH1D,Inductor_SMD:L_0603_1608Metric,C14709,Murata,BLM18PG121SN1D,PCBWay,,,
J1 ,1,USB,Connector_JST:JST_PH_S4B-PH-SM4-TB_1x04-1MP_P2.00mm_Horizontal,C265332,JST,S4B-PH-SM4-K-TB(LF)(SN),PCBWay,62000411622,W端rth,
J2 ,1,UART,Connector_JST:JST_PH_S4B-PH-SM4-TB_1x04-1MP_P2.00mm_Horizontal,C265332,JST,S4B-PH-SM4-K-TB(LF)(SN),PCBWay,62000411622,W端rth,
J3 ,1,AUX,Connector_FFC-FPC:Molex_200528-0040_1x04-1MP_P1.00mm_Horizontal,C555410,XFCN,F1002-B-04-20T-R,PCBWay,686104148922,W端rth,
J4 ,1,USB_C_Receptacle_USB2.0,Connector_USB:USB_C_Receptacle_HRO_TYPE-C-31-M-12,C165948,Korean Hroparts,TYPE-C-31-M-12,PCBWay,,,
J5 ,1,AVR-ISP-6,Connector_PinHeader_2.54mm:PinHeader_2x03_P2.54mm_Vertical,,DNP,DNP,DNP,,,DNP
L1 ,1,10uH,reform2-keyboard:IND_SRP4020TA-150M,C98364,Sunlord,WPN4020H100MT,PCBWay,SRP4020TA-100M,Bourns,
R10 ,1,715K,Resistor_SMD:R_0603_1608Metric,C137685,Yageo,RC0603FR-07715KL,PCBWay,,,
R11 ,1,1M,Resistor_SMD:R_0603_1608Metric,C107698,Yageo,RC0603JR-071ML,PCBWay,,,
R12 ,1,54.9K,Resistor_SMD:R_0603_1608Metric,C227961,Yageo,AC0603FR-0754K9L,PCBWay,,,
R13 R14 ,2,5.1k,Resistor_SMD:R_0603_1608Metric,C105580,Yageo,RC0603FR-075K1L,PCBWay,,,
R1 R2 R17 R18 R19 ,5,22,Resistor_SMD:R_0603_1608Metric,C107701,Yageo,RC0603FR-0722RL,PCBWay,,,
R3 R16 ,2,10k,Resistor_SMD:R_0603_1608Metric,C99198,Yageo,RC0603JR-0710KL,PCBWay,,,
R4 R15 ,2,0,Resistor_SMD:R_0603_1608Metric,C95177,Yageo,RC0603JR-070RL,PCBWay,,,
R5 R6 R9 ,3,4.7k,Resistor_SMD:R_0603_1608Metric,C105428,Yageo,RC0603JR-074K7L,PCBWay,,,
R7 ,1,62K,Resistor_SMD:R_0603_1608Metric,C137694,Yageo,RC0603FR-0762KL,PCBWay,,,
R8 ,1,604K,Resistor_SMD:R_0603_1608Metric,C245986,Yageo,RC0603FR-07604KL,PCBWay,,,
SW1 SW2 SW3 SW4 SW5 SW6 SW7 SW8 SW9 SW10 SW11 SW12 SW13 SW14 SW15 SW16 SW17 SW18 SW19 SW20 SW21 SW22 SW23 SW24 SW25 SW26 SW27 SW28 SW29 SW30 SW31 SW32 SW33 SW34 SW35 SW36 SW37 SW38 SW39 SW40 SW41 SW42 SW43 SW44 SW45 SW46 SW47 SW48 SW49 SW50 SW51 SW52 SW53 SW54 SW55 SW56 SW57 SW58 SW59 SW60 SW61 SW62 SW63 SW64 SW65 SW66 SW67 SW68 SW69 SW70 SW71 SW72 SW73 SW74 SW75 SW76 SW77 SW78 SW79 SW80 SW81 SW82 ,82,Choc,keyswitches:PG1350,C400230,Kailh,CPG135001D02,CUSTOMER,,,
SW83 ,1,RESET,Button_Switch_SMD:SW_Push_1P1T_NO_CK_KMR2,C318893,XKB,TS-1185EC-C-D-B,PCBWay,KMR221GLFS,C&K,
SW84 ,1,SW_DIP_x01,Button_Switch_SMD:SW_DIP_SPSTx01_Slide_Omron_A6S-110x_W8.9mm_P2.54mm,C402914,Dongguan Guangzhu,DSIC01LSGET,PCBWay,418121270801,W端rth,
U1 ,1,ATMEGA32U4-AU,Housings_QFP:TQFP-44_10x10mm_Pitch0.8mm,,Microchip,ATMEGA32U4-AU / RC,CUSTOMER,,,
U2 ,1,TPS61185,Package_DFN_QFN:VQFN-24-1EP_4x4mm_P0.5mm_EP2.45x2.45mm,C2867853,Texas Instruments,TPS61185RGET,CUSTOMER,,,
U3 ,1,MCP1700-3302E_SOT23,Package_TO_SOT_SMD:SOT-23,C39051,Microchip,MCP1700T-3302E/TT,PCBWay,,,
U4 ,1,USBLC6-2SC6,Package_TO_SOT_SMD:SOT-23-6,C2687116,UMW,USBLC6-2SC6,PCBWay,USBLC6-2SC6,STMicroelectronics,
Y1 ,1,16MHz,Crystal:Crystal_SMD_3225-4Pin_3.2x2.5mm,C70562,Yangxing,X322516MRB4SI,PCBWay,ABM8AIG-16.000MHz-4-T,Abracon,
,,,,,,,,,,
,,,,,,,,,,
,SMD:,"32 unique, 210 total",,,,,,,,
,THT:,"1 unique, 82 total",,,,,,,,
,210,,,,,,,,,
